{
  "documents": [],
  "tables_parsed": [],
  "tables_source_info": [],
  "images": [
    {
      "original_name": "diagrama_viga (1)",
      "file_name": "diagrama_viga (1).png",
      "file_path": "/workspace/calculadora_vigas/public/images/diagrama_viga (1).png",
      "rel_path": "images/diagrama_viga (1).png",
      "file_type": "png",
      "category": "images"
    }
  ],
  "summary": {
    "total_files": 1,
    "by_category": {
      "documents": 0,
      "tables_parsed": 0,
      "tables_source_info": 0,
      "images": 1
    },
    "processing_time": null
  }
}